{
  "__type__": "cc.Skeleton",
  "_name": "Skin-0",
  "_objFlags": 0,
  "_native": "",
  "_joints": [
    "Armature/CardboardBox_20x20x10_Joint_01",
    "Armature/CardboardBox_20x20x10_Joint_01/CardboardBox_20x20x10_Joint_02",
    "Armature/CardboardBox_20x20x10_Joint_01/CardboardBox_20x20x10_joint_03",
    "Armature/CardboardBox_20x20x10_Joint_01/CardboardBox_20x20x10_Joint_04",
    "Armature/CardboardBox_20x20x10_Joint_01/CardboardBox_20x20x10_Joint_05"
  ],
  "_bindposes": [
    {
      "__type__": "cc.Mat4",
      "m00": 0.6529518365859985,
      "m01": 0.021970821544528008,
      "m02": -0.7570807337760925,
      "m03": 0,
      "m04": -0.021033717319369316,
      "m05": 0.9997197985649109,
      "m06": 0.010871571488678455,
      "m07": 0,
      "m08": 0.7571073770523071,
      "m09": 0.008825608529150486,
      "m10": 0.6532309055328369,
      "m11": 0,
      "m12": 0,
      "m13": 0,
      "m14": 0,
      "m15": 1
    },
    {
      "__type__": "cc.Mat4",
      "m00": -0.00016840895114000887,
      "m01": -0.000674830807838589,
      "m02": 0.9999997615814209,
      "m03": 0,
      "m04": -0.00019918946782127023,
      "m05": 1.0000001192092896,
      "m06": 0.0006747969309799373,
      "m07": 0,
      "m08": -1.0000001192092896,
      "m09": -0.00019907581736333668,
      "m10": -0.00016854329442139715,
      "m11": 0,
      "m12": -0.05250202864408493,
      "m13": -10.04931354522705,
      "m14": -10.280928611755371,
      "m15": 1
    },
    {
      "__type__": "cc.Mat4",
      "m00": -0.00030647433595731854,
      "m01": -0.0003404939197935164,
      "m02": 0.9999999403953552,
      "m03": 0,
      "m04": -0.0002337489277124405,
      "m05": 1.0000001192092896,
      "m06": 0.0003404222661629319,
      "m07": 0,
      "m08": -0.9999999403953552,
      "m09": -0.00023364457592833787,
      "m10": -0.00030655390582978725,
      "m11": 0,
      "m12": 10.081939697265625,
      "m13": -10.249604225158691,
      "m14": -0.023433128371834755,
      "m15": 1
    },
    {
      "__type__": "cc.Mat4",
      "m00": 0.00031304711592383683,
      "m01": 0.0004329751245677471,
      "m02": 0.9999998211860657,
      "m03": 0,
      "m04": 0.00019590089505072683,
      "m05": 0.9999997019767761,
      "m06": -0.0004330365336500108,
      "m07": 0,
      "m08": -0.9999998807907104,
      "m09": 0.00019603640248533338,
      "m10": 0.00031296227825805545,
      "m11": 0,
      "m12": -0.0552874393761158,
      "m13": -10.059868812561035,
      "m14": 9.431709289550781,
      "m15": 1
    },
    {
      "__type__": "cc.Mat4",
      "m00": 0.0001916222827276215,
      "m01": 0.00036207461380399764,
      "m02": 0.9999998807907104,
      "m03": 0,
      "m04": 0.00016418563609477133,
      "m05": 1.0000001192092896,
      "m06": -0.00036210607504472136,
      "m07": 0,
      "m08": -0.9999999403953552,
      "m09": 0.00016425501962658018,
      "m10": 0.00019156283815391362,
      "m11": 0,
      "m12": -9.610030174255371,
      "m13": -10.256630897521973,
      "m14": -0.017544755712151527,
      "m15": 1
    }
  ],
  "_hash": 1407788252
}