{
  "__type__": "cc.Skeleton",
  "_name": "Skin-0",
  "_objFlags": 0,
  "_native": "",
  "_joints": [
    "CardboardBox_20x20x10/Animated_Model/CardboardBox_20x20x10_Joint_01",
    "CardboardBox_20x20x10/Animated_Model/CardboardBox_20x20x10_Joint_01/CardboardBox_20x20x10_Joint_02",
    "CardboardBox_20x20x10/Animated_Model/CardboardBox_20x20x10_Joint_01/CardboardBox_20x20x10_Joint_02/CardboardBox_20x20x10_Joint_06",
    "CardboardBox_20x20x10/Animated_Model/CardboardBox_20x20x10_Joint_01/CardboardBox_20x20x10_Joint_04",
    "CardboardBox_20x20x10/Animated_Model/CardboardBox_20x20x10_Joint_01/CardboardBox_20x20x10_Joint_04/CardboardBox_20x20x10_Joint_08",
    "CardboardBox_20x20x10/Animated_Model/CardboardBox_20x20x10_Joint_01/CardboardBox_20x20x10_Joint_05",
    "CardboardBox_20x20x10/Animated_Model/CardboardBox_20x20x10_Joint_01/CardboardBox_20x20x10_Joint_05/CardboardBox_20x20x10_Joint_09",
    "CardboardBox_20x20x10/Animated_Model/CardboardBox_20x20x10_Joint_01/CardboardBox_20x20x10_joint_03",
    "CardboardBox_20x20x10/Animated_Model/CardboardBox_20x20x10_Joint_01/CardboardBox_20x20x10_joint_03/CardboardBox_20x20x10_Joint_07"
  ],
  "_bindposes": [
    {
      "__type__": "cc.Mat4",
      "m00": 1.3911649643946842e-14,
      "m01": -1.5523179801042036e-14,
      "m02": -1,
      "m03": 0,
      "m04": 0.7426034808158875,
      "m05": 0.6697313189506531,
      "m06": -6.551874624139388e-17,
      "m07": 0,
      "m08": 0.6697312593460083,
      "m09": -0.7426035404205322,
      "m10": 2.084463549304697e-14,
      "m11": 0,
      "m12": 0.01766909845173359,
      "m13": -0.047875694930553436,
      "m14": 0.5709428191184998,
      "m15": 1
    },
    {
      "__type__": "cc.Mat4",
      "m00": 1,
      "m01": -3.738593788526036e-15,
      "m02": 1.7541523789077473e-14,
      "m03": 0,
      "m04": 3.738593365009563e-15,
      "m05": 1,
      "m06": 1.7905312788002448e-8,
      "m07": 0,
      "m08": -1.7541523789077473e-14,
      "m09": -1.7905312788002448e-8,
      "m10": 1,
      "m11": 0,
      "m12": -0.5715054273605347,
      "m13": -0.11950500309467316,
      "m14": -0.05535510554909706,
      "m15": 1
    },
    {
      "__type__": "cc.Mat4",
      "m00": 1,
      "m01": -3.738593788526036e-15,
      "m02": 1.7541523789077473e-14,
      "m03": 0,
      "m04": 3.738593365009563e-15,
      "m05": 1,
      "m06": 1.7905312788002448e-8,
      "m07": 0,
      "m08": -1.7541523789077473e-14,
      "m09": -1.7905312788002448e-8,
      "m10": 1,
      "m11": 0,
      "m12": -0.5715249180793762,
      "m13": -0.21648630499839783,
      "m14": -0.055338695645332336,
      "m15": 1
    },
    {
      "__type__": "cc.Mat4",
      "m00": 1,
      "m01": -4.068376325660605e-15,
      "m02": 1.7541523789077473e-14,
      "m03": 0,
      "m04": 4.068375902144131e-15,
      "m05": 1,
      "m06": 1.7905312788002448e-8,
      "m07": 0,
      "m08": -1.7541523789077473e-14,
      "m09": -1.7905312788002448e-8,
      "m10": 1,
      "m11": 0,
      "m12": -0.5715054273605347,
      "m13": -0.119582399725914,
      "m14": 0.14165939390659332,
      "m15": 1
    },
    {
      "__type__": "cc.Mat4",
      "m00": 1,
      "m01": -4.068376325660605e-15,
      "m02": 1.7541523789077473e-14,
      "m03": 0,
      "m04": 4.068375902144131e-15,
      "m05": 1,
      "m06": 1.7905312788002448e-8,
      "m07": 0,
      "m08": -1.7541523789077473e-14,
      "m09": -1.7905312788002448e-8,
      "m10": 1,
      "m11": 0,
      "m12": -0.5714862942695618,
      "m13": -0.21643410623073578,
      "m14": 0.1416292041540146,
      "m15": 1
    },
    {
      "__type__": "cc.Mat4",
      "m00": 1,
      "m01": -8.02576253611069e-15,
      "m02": 1.3766765505351941e-14,
      "m03": 0,
      "m04": 8.02576253611069e-15,
      "m05": 1,
      "m06": 1.7905312788002448e-8,
      "m07": 0,
      "m08": -1.3766765505351941e-14,
      "m09": -1.7905312788002448e-8,
      "m10": 1,
      "m11": 0,
      "m12": -0.6670262813568115,
      "m13": -0.12152469903230667,
      "m14": 0.047155480831861496,
      "m15": 1
    },
    {
      "__type__": "cc.Mat4",
      "m00": 1,
      "m01": -8.02576253611069e-15,
      "m02": 1.3766765505351941e-14,
      "m03": 0,
      "m04": 8.02576253611069e-15,
      "m05": 1,
      "m06": 1.7905312788002448e-8,
      "m07": 0,
      "m08": -1.3766765505351941e-14,
      "m09": -1.7905312788002448e-8,
      "m10": 1,
      "m11": 0,
      "m12": -0.667010486125946,
      "m13": -0.21717239916324615,
      "m14": 0.04713715985417366,
      "m15": 1
    },
    {
      "__type__": "cc.Mat4",
      "m00": 1,
      "m01": -8.520435706537832e-15,
      "m02": 1.3322676295501878e-14,
      "m03": 0,
      "m04": 8.520435706537832e-15,
      "m05": 1,
      "m06": 1.7905312788002448e-8,
      "m07": 0,
      "m08": -1.3322676295501878e-14,
      "m09": -1.7905312788002448e-8,
      "m10": 1,
      "m11": 0,
      "m12": -0.4701476991176605,
      "m13": -0.12146250158548355,
      "m14": 0.0471554771065712,
      "m15": 1
    },
    {
      "__type__": "cc.Mat4",
      "m00": 1,
      "m01": -8.520435706537832e-15,
      "m02": 1.3322676295501878e-14,
      "m03": 0,
      "m04": 8.520435706537832e-15,
      "m05": 1,
      "m06": 1.7905312788002448e-8,
      "m07": 0,
      "m08": -1.3322676295501878e-14,
      "m09": -1.7905312788002448e-8,
      "m10": 1,
      "m11": 0,
      "m12": -0.47016990184783936,
      "m13": -0.21717239916324615,
      "m14": 0.04718487709760666,
      "m15": 1
    }
  ],
  "_hash": 216529694
}