{
  "__type__": "cc.Skeleton",
  "_name": "Skin-4",
  "_objFlags": 0,
  "_native": "",
  "_joints": [
    "Root_M",
    "Root_M/Spine1_M",
    "Root_M/Spine1_M/Chest_M",
    "Root_M/Spine1_M/Chest_M/Neck_M",
    "Root_M/Spine1_M/Chest_M/Neck_M/Head_M",
    "Root_M/Spine1_M/Chest_M/Scapula_R",
    "Root_M/Spine1_M/Chest_M/Scapula_R/Shoulder_R",
    "Root_M/Spine1_M/Chest_M/Scapula_R/Shoulder_R/Elbow_R",
    "Root_M/Spine1_M/Chest_M/Scapula_R/Shoulder_R/Elbow_R/Wrist_R",
    "Root_M/Hip_R",
    "Root_M/Hip_R/Knee_R"
  ],
  "_bindposes": [
    {
      "__type__": "cc.Mat4",
      "m00": -1.6073266766851061e-16,
      "m01": -5.002625820273957e-16,
      "m02": 1,
      "m03": 0,
      "m04": 0.9995050430297852,
      "m05": -0.031458914279937744,
      "m06": 1.4491539940461042e-16,
      "m07": 0,
      "m08": 0.031458914279937744,
      "m09": 0.9995050430297852,
      "m10": 5.050714527667544e-16,
      "m11": 0,
      "m12": -0.019512146711349487,
      "m13": 0.0004364966880530119,
      "m14": -3.2884277806782753e-18,
      "m15": 1
    },
    {
      "__type__": "cc.Mat4",
      "m00": -1.6051606546202993e-16,
      "m01": -4.955657313953114e-16,
      "m02": 1,
      "m03": 0,
      "m04": 0.9981581568717957,
      "m05": -0.06066583842039108,
      "m06": 1.3015651204319428e-16,
      "m07": 0,
      "m08": 0.06066583842039108,
      "m09": 0.9981581568717957,
      "m10": 5.043908088540763e-16,
      "m11": 0,
      "m12": -0.024823229759931564,
      "m13": 0.0011626967461779714,
      "m14": -3.024364845781441e-18,
      "m15": 1
    },
    {
      "__type__": "cc.Mat4",
      "m00": -1.6073587051184242e-16,
      "m01": -5.003653906513687e-16,
      "m02": 1,
      "m03": 0,
      "m04": 0.9995249509811401,
      "m05": -0.03081941418349743,
      "m06": 1.4523855570887774e-16,
      "m07": 0,
      "m08": 0.03081941418349743,
      "m09": 0.9995249509811401,
      "m10": 5.05081511283003e-16,
      "m11": 0,
      "m12": -0.02732432447373867,
      "m13": 0.0003465543850325048,
      "m14": -1.9691652799332707e-18,
      "m15": 1
    },
    {
      "__type__": "cc.Mat4",
      "m00": 5.751306066253416e-17,
      "m01": -4.843061753670192e-16,
      "m02": 1,
      "m03": 0,
      "m04": 0.9392595887184143,
      "m05": 0.34320753812789917,
      "m06": 1.1219782537462701e-16,
      "m07": 0,
      "m08": -0.34320753812789917,
      "m09": 0.9392595887184143,
      "m10": 4.746281357303692e-16,
      "m11": 0,
      "m12": -0.02801189385354519,
      "m13": -0.010852459818124771,
      "m14": -9.365741732283693e-18,
      "m15": 1
    },
    {
      "__type__": "cc.Mat4",
      "m00": -1.6081226229577292e-16,
      "m01": -5.053215392444312e-16,
      "m02": 1,
      "m03": 0,
      "m04": 1,
      "m05": -2.0489094865183688e-8,
      "m06": 1.6081224906088311e-16,
      "m07": 0,
      "m08": 2.0489094865183688e-8,
      "m09": 1,
      "m10": 5.053215392444312e-16,
      "m11": 0,
      "m12": -0.03196112811565399,
      "m13": 0.00012439562124200165,
      "m14": -9.574726432503377e-18,
      "m15": 1
    },
    {
      "__type__": "cc.Mat4",
      "m00": -0.9999274015426636,
      "m01": -0.0000014861826684864354,
      "m02": -0.012051843106746674,
      "m03": 0,
      "m04": -0.012051843106746674,
      "m05": 0.00012334794155322015,
      "m06": 0.9999273419380188,
      "m07": 0,
      "m08": 4.953271126595382e-10,
      "m09": 1,
      "m10": -0.00012335690553300083,
      "m11": 0,
      "m12": -0.002503913827240467,
      "m13": 0.00010892027785303071,
      "m14": -0.028479700908064842,
      "m15": 1
    },
    {
      "__type__": "cc.Mat4",
      "m00": -0.0927719995379448,
      "m01": -0.02428782358765602,
      "m02": -0.9953911304473877,
      "m03": 0,
      "m04": -0.9907236695289612,
      "m05": -0.09744593501091003,
      "m06": 0.0947146937251091,
      "m07": 0,
      "m08": -0.09929723292589188,
      "m09": 0.9949443936347961,
      "m10": -0.015022268518805504,
      "m11": 0,
      "m12": 0.027415143325924873,
      "m13": 0.00269489549100399,
      "m14": -0.010212181136012077,
      "m15": 1
    },
    {
      "__type__": "cc.Mat4",
      "m00": -0.09589303284883499,
      "m01": -0.0010335920378565788,
      "m02": -0.9953911304473877,
      "m03": 0,
      "m04": -0.9847338199615479,
      "m05": 0.14604248106479645,
      "m06": 0.0947146937251091,
      "m07": 0,
      "m08": 0.14527148008346558,
      "m09": 0.9892777800559998,
      "m10": -0.015022268518805504,
      "m11": 0,
      "m12": 0.02222844958305359,
      "m13": -0.0027861015405505896,
      "m14": -0.010212181136012077,
      "m15": 1
    },
    {
      "__type__": "cc.Mat4",
      "m00": -0.07126504927873611,
      "m01": 0.008662938140332699,
      "m02": -0.9974197745323181,
      "m03": 0,
      "m04": -0.9864515066146851,
      "m05": 0.14752475917339325,
      "m06": 0.07176267355680466,
      "m07": 0,
      "m08": 0.14776578545570374,
      "m09": 0.9890204071998596,
      "m10": -0.0019677907694131136,
      "m11": 0,
      "m12": 0.01708024926483631,
      "m13": -0.0027297406923025846,
      "m14": -0.009819445200264454,
      "m15": 1
    },
    {
      "__type__": "cc.Mat4",
      "m00": -0.010730288922786713,
      "m01": -0.0003671304730232805,
      "m02": -0.9999423623085022,
      "m03": 0,
      "m04": -0.9993575811386108,
      "m05": -0.03419242799282074,
      "m06": 0.01073656789958477,
      "m07": 0,
      "m08": -0.034194398671388626,
      "m09": 0.9994152188301086,
      "m10": -2.2132606511404695e-11,
      "m11": 0,
      "m12": 0.01896691881120205,
      "m13": 0.0005232312832958996,
      "m14": -0.0027990643866360188,
      "m15": 1
    },
    {
      "__type__": "cc.Mat4",
      "m00": -0.010681620799005032,
      "m01": -0.0010848328238353133,
      "m02": -0.9999423623085022,
      "m03": 0,
      "m04": -0.9948249459266663,
      "m05": -0.10103510320186615,
      "m06": 0.01073656789958477,
      "m07": 0,
      "m08": -0.10104092955589294,
      "m09": 0.9948822855949402,
      "m10": -2.213251457106047e-11,
      "m11": 0,
      "m12": 0.01038399152457714,
      "m13": 0.0012213099980726838,
      "m14": -0.0027990643866360188,
      "m15": 1
    }
  ],
  "_hash": 3761838401
}