{
  "__type__": "cc.Skeleton",
  "_name": "Skin-5",
  "_objFlags": 0,
  "_native": "",
  "_joints": [
    "Root_M",
    "Root_M/Spine1_M",
    "Root_M/Spine1_M/Chest_M/Scapula_R/Shoulder_R",
    "Root_M/Spine1_M/Chest_M/Scapula_R/Shoulder_R/Elbow_R",
    "Root_M/Spine1_M/Chest_M/Scapula_R/Shoulder_R/Elbow_R/Wrist_R",
    "Root_M/Hip_R",
    "Root_M/Hip_R/Knee_R",
    "Root_M/Hip_R/Knee_R/Ankle_R",
    "Root_M/Hip_R/Knee_R/Ankle_R/Toes_R",
    "Root_M/Hip_L",
    "Root_M/Hip_L/Knee_L",
    "Root_M/Hip_L/Knee_L/Ankle_L",
    "Root_M/Hip_L/Knee_L/Ankle_L/Toes_L"
  ],
  "_bindposes": [
    {
      "__type__": "cc.Mat4",
      "m00": -1.6073266766851061e-16,
      "m01": -5.002625820273957e-16,
      "m02": 1,
      "m03": 0,
      "m04": 0.9995050430297852,
      "m05": -0.031458914279937744,
      "m06": 1.4491539940461042e-16,
      "m07": 0,
      "m08": 0.031458914279937744,
      "m09": 0.9995050430297852,
      "m10": 5.050714527667544e-16,
      "m11": 0,
      "m12": -0.019512146711349487,
      "m13": 0.0004364966880530119,
      "m14": -3.2884277806782753e-18,
      "m15": 1
    },
    {
      "__type__": "cc.Mat4",
      "m00": -1.6051606546202993e-16,
      "m01": -4.955657313953114e-16,
      "m02": 1,
      "m03": 0,
      "m04": 0.9981581568717957,
      "m05": -0.06066583842039108,
      "m06": 1.3015651204319428e-16,
      "m07": 0,
      "m08": 0.06066583842039108,
      "m09": 0.9981581568717957,
      "m10": 5.043908088540763e-16,
      "m11": 0,
      "m12": -0.024823229759931564,
      "m13": 0.0011626967461779714,
      "m14": -3.024364845781441e-18,
      "m15": 1
    },
    {
      "__type__": "cc.Mat4",
      "m00": -0.0927719995379448,
      "m01": -0.02428782358765602,
      "m02": -0.9953911304473877,
      "m03": 0,
      "m04": -0.9907236695289612,
      "m05": -0.09744593501091003,
      "m06": 0.0947146937251091,
      "m07": 0,
      "m08": -0.09929723292589188,
      "m09": 0.9949443936347961,
      "m10": -0.015022268518805504,
      "m11": 0,
      "m12": 0.027415143325924873,
      "m13": 0.00269489549100399,
      "m14": -0.010212181136012077,
      "m15": 1
    },
    {
      "__type__": "cc.Mat4",
      "m00": -0.09589303284883499,
      "m01": -0.0010335920378565788,
      "m02": -0.9953911304473877,
      "m03": 0,
      "m04": -0.9847338199615479,
      "m05": 0.14604248106479645,
      "m06": 0.0947146937251091,
      "m07": 0,
      "m08": 0.14527148008346558,
      "m09": 0.9892777800559998,
      "m10": -0.015022268518805504,
      "m11": 0,
      "m12": 0.02222844958305359,
      "m13": -0.0027861015405505896,
      "m14": -0.010212181136012077,
      "m15": 1
    },
    {
      "__type__": "cc.Mat4",
      "m00": -0.07126504927873611,
      "m01": 0.008662938140332699,
      "m02": -0.9974197745323181,
      "m03": 0,
      "m04": -0.9864515066146851,
      "m05": 0.14752475917339325,
      "m06": 0.07176267355680466,
      "m07": 0,
      "m08": 0.14776578545570374,
      "m09": 0.9890204071998596,
      "m10": -0.0019677907694131136,
      "m11": 0,
      "m12": 0.01708024926483631,
      "m13": -0.0027297406923025846,
      "m14": -0.009819445200264454,
      "m15": 1
    },
    {
      "__type__": "cc.Mat4",
      "m00": -0.010730288922786713,
      "m01": -0.0003671304730232805,
      "m02": -0.9999423623085022,
      "m03": 0,
      "m04": -0.9993575811386108,
      "m05": -0.03419242799282074,
      "m06": 0.01073656789958477,
      "m07": 0,
      "m08": -0.034194398671388626,
      "m09": 0.9994152188301086,
      "m10": -2.2132606511404695e-11,
      "m11": 0,
      "m12": 0.01896691881120205,
      "m13": 0.0005232312832958996,
      "m14": -0.0027990643866360188,
      "m15": 1
    },
    {
      "__type__": "cc.Mat4",
      "m00": -0.010681620799005032,
      "m01": -0.0010848328238353133,
      "m02": -0.9999423623085022,
      "m03": 0,
      "m04": -0.9948249459266663,
      "m05": -0.10103510320186615,
      "m06": 0.01073656789958477,
      "m07": 0,
      "m08": -0.10104092955589294,
      "m09": 0.9948822855949402,
      "m10": -2.213251457106047e-11,
      "m11": 0,
      "m12": 0.01038399152457714,
      "m13": 0.0012213099980726838,
      "m14": -0.0027990643866360188,
      "m15": 1
    },
    {
      "__type__": "cc.Mat4",
      "m00": -1.8117590760979851e-10,
      "m01": -0.0015915741678327322,
      "m02": -0.9999987483024597,
      "m03": 0,
      "m04": -1,
      "m05": -7.552468872518148e-8,
      "m06": 3.013794214190568e-10,
      "m07": 0,
      "m08": -7.552507241825879e-8,
      "m09": 0.9999987483024597,
      "m10": -0.0015915741678327322,
      "m11": 0,
      "m12": 0.002713743830099702,
      "m13": 0.0009506093338131905,
      "m14": -0.0027716041076928377,
      "m15": 1
    },
    {
      "__type__": "cc.Mat4",
      "m00": 7.942823003759258e-7,
      "m01": 6.541559827155652e-8,
      "m02": -1,
      "m03": 0,
      "m04": -0.08185373991727829,
      "m05": 0.9966443777084351,
      "m06": 1.8111570576628822e-10,
      "m07": 0,
      "m08": 0.9966443777084351,
      "m09": 0.08185373991727829,
      "m10": 7.96971448835393e-7,
      "m11": 0,
      "m12": -0.0015626671956852078,
      "m13": -0.0007490511634387076,
      "m14": -0.0027741852682083845,
      "m15": 1
    },
    {
      "__type__": "cc.Mat4",
      "m00": -0.010730288922786713,
      "m01": -0.0003671304730232805,
      "m02": -0.9999423623085022,
      "m03": 0,
      "m04": 0.9993575811386108,
      "m05": 0.03419242799282074,
      "m06": -0.01073656789958477,
      "m07": 0,
      "m08": 0.034194398671388626,
      "m09": -0.9994152188301086,
      "m10": 2.2804104762017604e-15,
      "m11": 0,
      "m12": -0.01896691881120205,
      "m13": -0.0005232313415035605,
      "m14": 0.0027990643866360188,
      "m15": 1
    },
    {
      "__type__": "cc.Mat4",
      "m00": -0.010681620799005032,
      "m01": -0.0010848328238353133,
      "m02": -0.9999423623085022,
      "m03": 0,
      "m04": 0.9948249459266663,
      "m05": 0.10103511065244675,
      "m06": -0.01073656789958477,
      "m07": 0,
      "m08": 0.10104092955589294,
      "m09": -0.9948822855949402,
      "m10": 2.2699371255671978e-15,
      "m11": 0,
      "m12": -0.01038399152457714,
      "m13": -0.0012213099980726838,
      "m14": 0.0027990643866360188,
      "m15": 1
    },
    {
      "__type__": "cc.Mat4",
      "m00": -1.8150986269560576e-10,
      "m01": -0.0015915741678327322,
      "m02": -0.9999987483024597,
      "m03": 0,
      "m04": 1,
      "m05": 7.69743095929698e-8,
      "m06": -3.0402055872791323e-10,
      "m07": 0,
      "m08": 7.697469328604711e-8,
      "m09": -0.9999987483024597,
      "m10": 0.0015915741678327322,
      "m11": 0,
      "m12": -0.002713743830099702,
      "m13": -0.0009506093920208514,
      "m14": 0.0027716041076928377,
      "m15": 1
    },
    {
      "__type__": "cc.Mat4",
      "m00": -7.873639447097958e-7,
      "m01": -6.519635320501038e-8,
      "m02": -1,
      "m03": 0,
      "m04": 0.08185373991727829,
      "m05": -0.9966443777084351,
      "m06": 5.288988691454222e-10,
      "m07": 0,
      "m08": -0.9966443777084351,
      "m09": -0.08185373991727829,
      "m10": 7.900583796072169e-7,
      "m11": 0,
      "m12": 0.0015626716194674373,
      "m13": 0.0007490515126846731,
      "m14": 0.0027741827070713043,
      "m15": 1
    }
  ],
  "_hash": 504387730
}