{
  "__type__": "cc.Skeleton",
  "_name": "Skin-5",
  "_objFlags": 0,
  "_native": "",
  "_joints": [
    "Root_M/Hip_L/Knee_L/Ankle_L/Toes_L",
    "Root_M/Hip_L/Knee_L/Ankle_L",
    "Root_M/Hip_L/Knee_L",
    "Root_M/Hip_L",
    "Root_M/Hip_R/Knee_R/Ankle_R/Toes_R",
    "Root_M/Hip_R/Knee_R/Ankle_R",
    "Root_M/Hip_R/Knee_R",
    "Root_M/Hip_R",
    "Root_M/Spine1_M/Chest_M/Scapula_L/Shoulder_L/Elbow_L/Wrist_L",
    "Root_M/Spine1_M/Chest_M/Scapula_L/Shoulder_L/Elbow_L",
    "Root_M/Spine1_M/Chest_M/Scapula_L/Shoulder_L",
    "Root_M/Spine1_M/Chest_M/Scapula_L",
    "Root_M/Spine1_M/Chest_M/Scapula_R/Shoulder_R/Elbow_R/Wrist_R",
    "Root_M/Spine1_M/Chest_M/Scapula_R/Shoulder_R/Elbow_R",
    "Root_M/Spine1_M/Chest_M/Scapula_R/Shoulder_R",
    "Root_M/Spine1_M/Chest_M/Scapula_R",
    "Root_M/Spine1_M/Chest_M/Neck_M/Head_M",
    "Root_M/Spine1_M/Chest_M/Neck_M",
    "Root_M/Spine1_M/Chest_M",
    "Root_M/Spine1_M",
    "Root_M"
  ],
  "_bindposes": [
    {
      "__type__": "cc.Mat4",
      "m00": -7.873639447097958e-7,
      "m01": -6.519635320501038e-8,
      "m02": -1,
      "m03": 0,
      "m04": 0.08185373991727829,
      "m05": -0.9966443777084351,
      "m06": 5.288988691454222e-10,
      "m07": 0,
      "m08": -0.9966443777084351,
      "m09": -0.08185373991727829,
      "m10": 7.900583796072169e-7,
      "m11": 0,
      "m12": 0.0015626716194674373,
      "m13": 0.0007490515126846731,
      "m14": 0.0027741827070713043,
      "m15": 1
    },
    {
      "__type__": "cc.Mat4",
      "m00": -1.8150986269560576e-10,
      "m01": -0.0015915741678327322,
      "m02": -0.9999987483024597,
      "m03": 0,
      "m04": 1,
      "m05": 7.69743095929698e-8,
      "m06": -3.0402055872791323e-10,
      "m07": 0,
      "m08": 7.697469328604711e-8,
      "m09": -0.9999987483024597,
      "m10": 0.0015915741678327322,
      "m11": 0,
      "m12": -0.002713743830099702,
      "m13": -0.0009506093920208514,
      "m14": 0.0027716041076928377,
      "m15": 1
    },
    {
      "__type__": "cc.Mat4",
      "m00": -0.010681620799005032,
      "m01": -0.0010848328238353133,
      "m02": -0.9999423623085022,
      "m03": 0,
      "m04": 0.9948249459266663,
      "m05": 0.10103511065244675,
      "m06": -0.01073656789958477,
      "m07": 0,
      "m08": 0.10104092955589294,
      "m09": -0.9948822855949402,
      "m10": 2.2699371255671978e-15,
      "m11": 0,
      "m12": -0.01038399152457714,
      "m13": -0.0012213099980726838,
      "m14": 0.0027990643866360188,
      "m15": 1
    },
    {
      "__type__": "cc.Mat4",
      "m00": -0.010730288922786713,
      "m01": -0.0003671304730232805,
      "m02": -0.9999423623085022,
      "m03": 0,
      "m04": 0.9993575811386108,
      "m05": 0.03419242799282074,
      "m06": -0.01073656789958477,
      "m07": 0,
      "m08": 0.034194398671388626,
      "m09": -0.9994152188301086,
      "m10": 2.2804104762017604e-15,
      "m11": 0,
      "m12": -0.01896691881120205,
      "m13": -0.0005232313415035605,
      "m14": 0.0027990643866360188,
      "m15": 1
    },
    {
      "__type__": "cc.Mat4",
      "m00": 7.942823003759258e-7,
      "m01": 6.541559827155652e-8,
      "m02": -1,
      "m03": 0,
      "m04": -0.08185373991727829,
      "m05": 0.9966443777084351,
      "m06": 1.8111570576628822e-10,
      "m07": 0,
      "m08": 0.9966443777084351,
      "m09": 0.08185373991727829,
      "m10": 7.96971448835393e-7,
      "m11": 0,
      "m12": -0.0015626671956852078,
      "m13": -0.0007490511634387076,
      "m14": -0.0027741852682083845,
      "m15": 1
    },
    {
      "__type__": "cc.Mat4",
      "m00": -1.8117590760979851e-10,
      "m01": -0.0015915741678327322,
      "m02": -0.9999987483024597,
      "m03": 0,
      "m04": -1,
      "m05": -7.552468872518148e-8,
      "m06": 3.013794214190568e-10,
      "m07": 0,
      "m08": -7.552507241825879e-8,
      "m09": 0.9999987483024597,
      "m10": -0.0015915741678327322,
      "m11": 0,
      "m12": 0.002713743830099702,
      "m13": 0.0009506093338131905,
      "m14": -0.0027716041076928377,
      "m15": 1
    },
    {
      "__type__": "cc.Mat4",
      "m00": -0.010681620799005032,
      "m01": -0.0010848328238353133,
      "m02": -0.9999423623085022,
      "m03": 0,
      "m04": -0.9948249459266663,
      "m05": -0.10103510320186615,
      "m06": 0.01073656789958477,
      "m07": 0,
      "m08": -0.10104092955589294,
      "m09": 0.9948822855949402,
      "m10": -2.213251457106047e-11,
      "m11": 0,
      "m12": 0.01038399152457714,
      "m13": 0.0012213099980726838,
      "m14": -0.0027990643866360188,
      "m15": 1
    },
    {
      "__type__": "cc.Mat4",
      "m00": -0.010730288922786713,
      "m01": -0.0003671304730232805,
      "m02": -0.9999423623085022,
      "m03": 0,
      "m04": -0.9993575811386108,
      "m05": -0.03419242799282074,
      "m06": 0.01073656789958477,
      "m07": 0,
      "m08": -0.034194398671388626,
      "m09": 0.9994152188301086,
      "m10": -2.2132606511404695e-11,
      "m11": 0,
      "m12": 0.01896691881120205,
      "m13": 0.0005232312832958996,
      "m14": -0.0027990643866360188,
      "m15": 1
    },
    {
      "__type__": "cc.Mat4",
      "m00": -0.003217601217329502,
      "m01": 0.013486070558428764,
      "m02": -0.9999038577079773,
      "m03": 0,
      "m04": 0.9900209307670593,
      "m05": -0.14082854986190796,
      "m06": -0.005085205193608999,
      "m07": 0,
      "m08": -0.14088359475135803,
      "m09": -0.9899421334266663,
      "m10": -0.01289836224168539,
      "m11": 0,
      "m12": -0.01772109419107437,
      "m13": 0.0025276578962802887,
      "m14": 0.006342135835438967,
      "m15": 1
    },
    {
      "__type__": "cc.Mat4",
      "m00": -0.027939576655626297,
      "m01": 0.003914658445864916,
      "m02": -0.9996019601821899,
      "m03": 0,
      "m04": 0.9899323582649231,
      "m05": -0.13870102167129517,
      "m06": -0.02821248769760132,
      "m07": 0,
      "m08": -0.13875624537467957,
      "m09": -0.9903265833854675,
      "m10": 5.44632006160839e-10,
      "m11": 0,
      "m12": -0.022954469546675682,
      "m13": 0.0025493649300187826,
      "m14": 0.006753850262612104,
      "m15": 1
    },
    {
      "__type__": "cc.Mat4",
      "m00": -0.028053926303982735,
      "m01": -0.0029869170393794775,
      "m02": -0.9996019601821899,
      "m03": 0,
      "m04": 0.9939839243888855,
      "m05": 0.10582999885082245,
      "m06": -0.02821248769760132,
      "m07": 0,
      "m08": 0.10587213933467865,
      "m09": -0.9943797588348389,
      "m10": 5.446323392277463e-10,
      "m11": 0,
      "m12": -0.028061948716640472,
      "m13": -0.0031008420046418905,
      "m14": 0.006753850262612104,
      "m15": 1
    },
    {
      "__type__": "cc.Mat4",
      "m00": -0.9999274015426636,
      "m01": -0.000001486659016336489,
      "m02": -0.012051837518811226,
      "m03": 0,
      "m04": 0.0120518384501338,
      "m05": -0.00012334641360212117,
      "m06": -0.9999273419380188,
      "m07": 0,
      "m08": -9.146007654567759e-16,
      "m09": -1,
      "m10": 0.00012335537758190185,
      "m11": 0,
      "m12": 0.0026569380424916744,
      "m13": -0.00010892009595409036,
      "m14": 0.02848154492676258,
      "m15": 1
    },
    {
      "__type__": "cc.Mat4",
      "m00": -0.003217607969418168,
      "m01": 0.013486023992300034,
      "m02": -0.9999038577079773,
      "m03": 0,
      "m04": -0.9900209307670593,
      "m05": 0.14082854986190796,
      "m06": 0.005085205193608999,
      "m07": 0,
      "m08": 0.14088359475135803,
      "m09": 0.9899421334266663,
      "m10": 0.01289831567555666,
      "m11": 0,
      "m12": 0.01772116683423519,
      "m13": -0.0025277347303926945,
      "m14": -0.006337270140647888,
      "m15": 1
    },
    {
      "__type__": "cc.Mat4",
      "m00": -0.027939582243561745,
      "m01": 0.003914611879736185,
      "m02": -0.9996019601821899,
      "m03": 0,
      "m04": -0.9899323582649231,
      "m05": 0.13870102167129517,
      "m06": 0.02821248769760132,