{
  "__type__": "cc.Skeleton",
  "_name": "Skin-6",
  "_objFlags": 0,
  "_native": "",
  "_joints": [
    "Root_M",
    "Root_M/Spine1_M",
    "Root_M/Spine1_M/Chest_M",
    "Root_M/Spine1_M/Chest_M/Neck_M",
    "Root_M/Spine1_M/Chest_M/Neck_M/Head_M",
    "Root_M/Spine1_M/Chest_M/Scapula_R",
    "Root_M/Spine1_M/Chest_M/Scapula_R/Shoulder_R",
    "Root_M/Spine1_M/Chest_M/Scapula_R/Shoulder_R/Elbow_R",
    "Root_M/Spine1_M/Chest_M/Scapula_R/Shoulder_R/Elbow_R/Wrist_R",
    "Root_M/Spine1_M/Chest_M/Scapula_L",
    "Root_M/Spine1_M/Chest_M/Scapula_L/Shoulder_L",
    "Root_M/Spine1_M/Chest_M/Scapula_L/Shoulder_L/Elbow_L",
    "Root_M/Spine1_M/Chest_M/Scapula_L/Shoulder_L/Elbow_L/Wrist_L",
    "Root_M/Hip_R",
    "Root_M/Hip_R/Knee_R",
    "Root_M/Hip_R/Knee_R/Ankle_R",
    "Root_M/Hip_R/Knee_R/Ankle_R/Toes_R",
    "Root_M/Hip_L",
    "Root_M/Hip_L/Knee_L",
    "Root_M/Hip_L/Knee_L/Ankle_L",
    "Root_M/Hip_L/Knee_L/Ankle_L/Toes_L"
  ],
  "_bindposes": [
    {
      "__type__": "cc.Mat4",
      "m00": -1.6073266766851061e-16,
      "m01": -5.002625820273957e-16,
      "m02": 1,
      "m03": 0,
      "m04": 0.9995050430297852,
      "m05": -0.031458914279937744,
      "m06": 1.4491539940461042e-16,
      "m07": 0,
      "m08": 0.031458914279937744,
      "m09": 0.9995050430297852,
      "m10": 5.050714527667544e-16,
      "m11": 0,
      "m12": -0.019512146711349487,
      "m13": 0.0004364966880530119,
      "m14": -3.2884277806782753e-18,
      "m15": 1
    },
    {
      "__type__": "cc.Mat4",
      "m00": -1.6051606546202993e-16,
      "m01": -4.955657313953114e-16,
      "m02": 1,
      "m03": 0,
      "m04": 0.9981581568717957,
      "m05": -0.06066583842039108,
      "m06": 1.3015651204319428e-16,
      "m07": 0,
      "m08": 0.06066583842039108,
      "m09": 0.9981581568717957,
      "m10": 5.043908088540763e-16,
      "m11": 0,
      "m12": -0.024823229759931564,
      "m13": 0.0011626967461779714,
      "m14": -3.024364845781441e-18,
      "m15": 1
    },
    {
      "__type__": "cc.Mat4",
      "m00": -1.6073587051184242e-16,
      "m01": -5.003653906513687e-16,
      "m02": 1,
      "m03": 0,
      "m04": 0.9995249509811401,
      "m05": -0.03081941418349743,
      "m06": 1.4523855570887774e-16,
      "m07": 0,
      "m08": 0.03081941418349743,
      "m09": 0.9995249509811401,
      "m10": 5.05081511283003e-16,
      "m11": 0,
      "m12": -0.02732432447373867,
      "m13": 0.0003465543850325048,
      "m14": -1.9691652799332707e-18,
      "m15": 1
    },
    {
      "__type__": "cc.Mat4",
      "m00": 5.751306066253416e-17,
      "m01": -4.843061753670192e-16,
      "m02": 1,
      "m03": 0,
      "m04": 0.9392595887184143,
      "m05": 0.34320753812789917,
      "m06": 1.1219782537462701e-16,
      "m07": 0,
      "m08": -0.34320753812789917,
      "m09": 0.9392595887184143,
      "m10": 4.746281357303692e-16,
      "m11": 0,
      "m12": -0.02801189385354519,
      "m13": -0.010852459818124771,
      "m14": -9.365741732283693e-18,
      "m15": 1
    },
    {
      "__type__": "cc.Mat4",
      "m00": -1.6081226229577292e-16,
      "m01": -5.053215392444312e-16,
      "m02": 1,
      "m03": 0,
      "m04": 1,
      "m05": -2.0489094865183688e-8,
      "m06": 1.6081224906088311e-16,
      "m07": 0,
      "m08": 2.0489094865183688e-8,
      "m09": 1,
      "m10": 5.053215392444312e-16,
      "m11": 0,
      "m12": -0.03196112811565399,
      "m13": 0.00012439562124200165,
      "m14": -9.574726432503377e-18,
      "m15": 1
    },
    {
      "__type__": "cc.Mat4",
      "m00": -0.9999274015426636,
      "m01": -0.0000014861826684864354,
      "m02": -0.012051843106746674,
      "m03": 0,
      "m04": -0.012051843106746674,
      "m05": 0.00012334794155322015,
      "m06": 0.9999273419380188,
      "m07": 0,
      "m08": 4.953271126595382e-10,
      "m09": 1,
      "m10": -0.00012335690553300083,
      "m11": 0,
      "m12": -0.0026569380424916744,
      "m13": 0.00010892005229834467,
      "m14": -0.02848154492676258,
      "m15": 1
    },
    {
      "__type__": "cc.Mat4",
      "m00": -0.13757513463497162,
      "m01": -0.002986916108056903,
      "m02": -0.9904868006706238,
      "m03": 0,
      "m04": -0.9848853349685669,
      "m05": -0.10582999140024185,
      "m06": 0.13711625337600708,
      "m07": 0,
      "m08": -0.10523276776075363,
      "m09": 0.9943797588348389,
      "m10": 0.011617805808782578,
      "m11": 0,
      "m12": 0.027152078226208687,
      "m13": 0.0031008601654320955,
      "m14": -0.009787609800696373,
      "m15": 1
    },
    {
      "__type__": "cc.Mat4",
      "m00": -0.13418284058570862,
      "m01": 0.03050908073782921,
      "m02": -0.9904868006706238,
      "m03": 0,
      "m04": -0.9143990874290466,
      "m05": 0.3814191222190857,
      "m06": 0.13562361896038055,
      "m07": 0,
      "m08": 0.38192838430404663,
      "m09": 0.9238986372947693,
      "m10": -0.023282427340745926,
      "m11": 0,
      "m12": 0.020675957202911377,
      "m13": -0.008082355372607708,
      "m14": -0.009775741025805473,
      "m15": 1
    },
    {
      "__type__": "cc.Mat4",
      "m00": -0.1095951646566391,
      "m01": 0.04025038704276085,
      "m02": -0.9931610226631165,
      "m03": 0,
      "m04": -0.916633665561676,
      "m05": 0.38233044743537903,
      "m06": 0.11664529889822006,
      "m07": 0,
      "m08": 0.38441070914268494,
      "m09": 0.9231485724449158,
      "m10": -0.005006704945117235,
      "m11": 0,
      "m12": 0.015505842864513397,
      "m13": -0.00802612118422985,
      "m14": -0.009472150355577469,
      "m15": 1
    },
    {
      "__type__": "cc.Mat4",
      "m00": -0.9999274015426636,
      "m01": -0.000001486659016336489,
      "m02": -0.012051837518811226,
      "m03": 0,
      "m04": 0.0120518384501338,
      "m05": -0.00012334641360212117,
      "m06": -0.9999273419380188,
      "m07": 0,
      "m08": -9.146007654567759e-16,
      "m09": -1,
      "m10": 0.00012335537758190185,
      "m11": 0,
      "m12": 0.0026569380424916744,
      "m13": -0.00010892009595409036,
      "m14": 0.02848154492676258,
      "m15": 1
    },
    {
      "__type__": "cc.Mat4",
      "m00": -0.1382497102022171,
      "m01": -0.0029869170393794775,
      "m02": -0.9903929233551025,
      "m03": 0,
      "m04": 0.9847917556762695,
      "m05": 0.10582999885082245,
      "m06": -0.13778701424598694,
      "m07": 0,
      "m08": 0.10522483289241791,
      "m09": -0.9943797588348389,
      "m10": -0.011689475737512112,
      "m11": 0,
      "m12": -0.027123883366584778,
      "m13": -0.0030986019410192966,
      "m14": 0.009807745926082134,
      "m15": 1
    },
    {
      "__type__": "cc.Mat4",
      "m00": -0.13483723998069763,
      "m01": 0.030672883614897728,
      "m02": -0.9903929233551025,
      "m03": 0,
      "m04": 0.9810152649879456,
      "m05": -0.13646891713142395,
      "m06": -0.13778701424598694,
      "m07": 0,
      "m08": -0.1393841803073883,
      "m09": -0.9901694059371948,
      "m10": -0.011689475737512112,
      "m11": 0,
      "m12": -0.02204393781721592,
      "m13": 0.0023237529676407576,
      "m14": 0.009807745926082134,
      "m15": 1
    },
    {
      "__type__": "cc.Mat4",
      "m00": -0.11025131493806839,
      "m01": 0.04041488096117973,
      "m02": -0.9930816888809204,
      "m03": 0,
      "m04": 0.9838196039199829,
      "m05": -0.13753312826156616,
      "m06": -0.11482014507055283,
      "m07": 0,
      "m08": -0.14122207462787628,
      "m09": -0.9896723031997681,
      "m10": -0.024597741663455963,
      "m11": 0,
      "m12": -0.016886811703443527,
      "m13": 0.0022708119358867407,
      "m14": 0.009415285661816597,
      "m15": 1
    },
    {
      "__type__": "cc.Mat4",
      "m00": -0.010730288922786713,
      "m01": -0.0003671304730232805,
      "m02": -0.9999423623085022,
      "m03": 0,
      "m04": -0.9993575811386108,
      "m05": -0.03419242799282074,
      "m06": 0.01073656789958477,
      "m07": 0,
      "m08": -0.034194398671388626,