{
  "__type__": "cc.Skeleton",
  "_name": "Skin-1",
  "_objFlags": 0,
  "_native": "",
  "_joints": [
    "Root_M/Spine1_M/Chest_M"
  ],
  "_bindposes": [
    {
      "__type__": "cc.Mat4",
      "m00": -1.6073587051184242e-16,
      "m01": -5.003653906513687e-16,
      "m02": 1,
      "m03": 0,
      "m04": 0.9995249509811401,
      "m05": -0.03081941418349743,
      "m06": 1.4523855570887774e-16,
      "m07": 0,
      "m08": 0.03081941418349743,
      "m09": 0.9995249509811401,
      "m10": 5.05081511283003e-16,
      "m11": 0,
      "m12": -0.02732432447373867,
      "m13": 0.0003465543850325048,
      "m14": -1.9691652799332707e-18,
      "m15": 1
    }
  ],
  "_hash": 3957892668
}